{
  "project_info": {
    "project_number": "44094942417",
    "project_id": "health-monitor-smartwatch",
    "storage_bucket": "health-monitor-smartwatch.firebasestorage.app"
  },
  "client": [
    {
      "client_info": {
        "mobilesdk_app_id": "1:44094942417:android:2680e35273da13efd829f0",
        "android_client_info": {
          "package_name": "eu.test.healthmonitorsmartwatch"
        }
      },
      "oauth_client": [],
      "api_key": [
        {
          "current_key": "AIzaSyAPAA1uRXrDmIiFdeM7s4YU4ANByFRyROI"
        }
      ],
      "services": {
        "appinvite_service": {
          "other_platform_oauth_client": []
        }
      }
    }
  ],
  "configuration_version": "1"
}